match_id,sofascore_event_id,league,season,match_date,home_team,away_team,home_goals,away_goals,total_goals,possession_home,possession_away,shots_home,shots_away,shots_on_target_home,shots_on_target_away,corners_home,corners_away,big_chances_home,big_chances_away,xg_home,xg_away,incident_count,goal_count,late_goal_count_75,home_late_goal_count_75,away_late_goal_count_75,first_late_goal_minute_75,last_goal_minute,card_count,substitution_count,has_late_goal,target_late_goal_75
194,12436870,Premier League,24/25,2024-08-16 19:00:00,Manchester United,Fulham,1,0,1,55.0,45.0,14,10,5,2,7,8,4.0,0.0,2.43,0.44,20,1,1,1,0,87.0,87.0,5,10,1,1
195,12436871,Premier League,24/25,2024-08-17 11:30:00,Ipswich Town,Liverpool FC,0,2,2,38.0,62.0,7,18,2,5,2,10,0.0,6.0,0.45,2.65,19,2,0,0,0,,65.0,4,9,0,0
196,12436872,Premier League,24/25,2024-08-17 14:00:00,Arsenal,Wolverhampton,2,0,2,53.0,47.0,18,9,6,3,8,2,2.0,1.0,1.24,0.47,19,2,0,0,0,,74.0,5,8,0,0
197,12436873,Premier League,24/25,2024-08-17 14:00:00,Everton,Brighton & Hove Albion,0,3,3,38.0,62.0,9,10,1,5,1,5,0.0,2.0,0.45,1.43,20,3,1,0,1,87.0,87.0,3,8,1,1
198,12436874,Premier League,24/25,2024-08-17 14:00:00,Newcastle United,Southampton,1,0,1,22.0,78.0,3,19,1,4,3,12,1.0,3.0,0.25,1.77,20,1,0,0,0,,45.0,7,8,0,0
199,12436875,Premier League,24/25,2024-08-17 14:00:00,Nottingham Forest,Bournemouth,1,1,2,53.0,47.0,14,13,8,4,2,6,1.0,3.0,1.3,1.22,21,2,1,0,1,86.0,86.0,4,10,1,1
201,12436877,Premier League,24/25,2024-08-17 16:30:00,West Ham United,Aston Villa,1,2,3,52.0,48.0,14,15,3,3,5,3,4.0,4.0,2.46,2.03,20,3,1,0,1,79.0,79.0,3,10,1,1
202,12436879,Premier League,24/25,2024-08-18 13:00:00,Brentford,Crystal Palace,2,1,3,46.0,54.0,9,14,5,6,4,7,3.0,1.0,1.59,1.17,23,3,1,1,0,76.0,76.0,6,10,1,1
203,12436880,Premier League,24/25,2024-08-18 15:30:00,Chelsea,Manchester City,0,2,2,48.0,52.0,10,11,3,5,4,3,1.0,1.0,1.01,0.77,13,2,1,0,1,84.0,84.0,2,5,1,1
204,12436881,Premier League,24/25,2024-08-19 19:00:00,Leicester City,Tottenham Hotspur,1,1,2,30.0,70.0,7,15,3,7,2,13,2.0,2.0,1.05,1.18,17,2,0,0,0,,57.0,2,9,0,0
211,12436888,Premier League,24/25,2024-08-24 11:30:00,Brighton & Hove Albion,Manchester United,2,1,3,48.0,52.0,14,11,5,4,4,4,2.0,2.0,2.09,1.43,21,3,1,1,0,90.0,90.0,3,10,1,1
215,12436892,Premier League,24/25,2024-08-24 14:00:00,Crystal Palace,West Ham United,0,2,2,58.0,42.0,14,18,2,3,3,3,2.0,1.0,1.35,1.39,15,2,0,0,0,,72.0,2,8,0,0
217,12436894,Premier League,24/25,2024-08-24 14:00:00,Fulham,Leicester City,2,1,3,54.0,46.0,18,10,6,4,7,5,3.0,1.0,1.78,0.61,21,3,0,0,0,,70.0,5,8,0,0
221,12436898,Premier League,24/25,2024-08-24 14:00:00,Manchester City,Ipswich Town,4,1,5,75.0,25.0,14,1,5,1,10,1,5.0,1.0,3.34,0.29,25,5,1,1,0,88.0,88.0,5,10,1,1
223,12436900,Premier League,24/25,2024-08-24 14:00:00,Southampton,Nottingham Forest,0,1,1,65.0,35.0,5,23,1,8,4,10,0.0,6.0,0.14,2.45,22,1,0,0,0,,70.0,7,10,0,0
225,12436902,Premier League,24/25,2024-08-24 14:00:00,Tottenham Hotspur,Everton,4,0,4,71.0,29.0,13,10,7,1,12,5,6.0,0.0,2.43,1.0,17,4,1,1,0,77.0,77.0,0,9,1,1
209,12436886,Premier League,24/25,2024-08-24 16:30:00,Aston Villa,Arsenal,0,2,2,39.0,61.0,11,9,3,4,4,1,2.0,2.0,1.28,0.87,18,2,1,0,1,77.0,77.0,4,8,1,1
207,12436884,Premier League,24/25,2024-08-25 13:00:00,Bournemouth,Newcastle United,1,1,2,39.0,61.0,16,14,4,5,8,9,2.0,4.0,2.26,1.69,22,2,1,0,1,77.0,77.0,5,10,1,1
227,12436904,Premier League,24/25,2024-08-25 13:00:00,Wolverhampton,Chelsea,2,6,8,40.0,60.0,12,14,4,8,5,5,5.0,5.0,1.96,1.68,27,8,1,0,1,80.0,80.0,5,10,1,1
219,12436896,Premier League,24/25,2024-08-25 15:30:00,Liverpool FC,Brentford,2,0,2,62.0,38.0,19,8,8,2,9,4,4.0,2.0,2.65,0.55,20,2,0,0,0,,70.0,5,9,0,0
229,12436906,Premier League,24/25,2024-08-31 11:30:00,Arsenal,Brighton & Hove Albion,1,1,2,36.0,64.0,11,22,7,4,3,7,5.0,3.0,2.14,1.76,22,2,0,0,0,,58.0,8,8,0,0
231,12436908,Premier League,24/25,2024-08-31 14:00:00,Brentford,Southampton,3,1,4,37.0,63.0,20,18,7,6,2,8,6.0,2.0,2.78,1.57,19,4,1,0,1,90.0,90.0,3,8,1,1
235,12436912,Premier League,24/25,2024-08-31 14:00:00,Everton,Bournemouth,2,3,5,47.0,53.0,18,17,8,7,8,4,5.0,5.0,1.99,2.37,19,5,3,0,3,87.0,90.0,3,7,1,1
238,12436915,Premier League,24/25,2024-08-31 14:00:00,Ipswich Town,Fulham,1,1,2,49.0,51.0,11,9,4,4,8,6,1.0,2.0,0.45,0.95,20,2,0,0,0,,32.0,5,9,0,0
240,12436918,Premier League,24/25,2024-08-31 14:00:00,Leicester City,Aston Villa,1,2,3,58.0,42.0,9,10,3,5,1,4,1.0,4.0,0.45,1.55,27,3,0,0,0,,73.0,10,10,0,0
248,12436926,Premier League,24/25,2024-08-31 14:00:00,Nottingham Forest,Wolverhampton,1,1,2,52.0,48.0,16,11,5,3,7,3,1.0,2.0,1.04,0.74,23,2,0,0,0,,12.0,8,9,0,0
249,12436927,Premier League,24/25,2024-08-31 16:30:00,West Ham United,Manchester City,1,3,4,32.0,68.0,10,23,2,8,3,11,1.0,5.0,0.73,3.0,22,4,1,0,1,83.0,83.0,5,9,1,1
233,12436910,Premier League,24/25,2024-09-01 12:30:00,Chelsea,Crystal Palace,1,1,2,63.0,37.0,13,9,7,3,4,4,5.0,0.0,2.37,0.54,18,2,0,0,0,,53.0,6,6,0,0
245,12436923,Premier League,24/25,2024-09-01 12:30:00,Newcastle United,Tottenham Hotspur,2,1,3,34.0,66.0,9,20,3,6,7,12,2.0,2.0,1.83,1.26,23,3,1,1,0,78.0,78.0,8,8,1,1
242,12436920,Premier League,24/25,2024-09-01 15:00:00,Manchester United,Liverpool FC,0,3,3,53.0,47.0,8,11,3,3,5,2,3.0,6.0,1.36,1.79,21,3,0,0,0,,56.0,5,8,0,0
270,12436949,Premier League,24/25,2024-09-14 11:30:00,Southampton,Manchester United,0,3,3,44.0,56.0,6,20,4,10,0,7,3.0,5.0,1.12,2.67,25,3,1,0,1,90.0,90.0,7,10,1,1
257,12436936,Premier League,24/25,2024-09-14 14:00:00,Brighton & Hove Albion,Ipswich Town,0,0,0,69.0,31.0,21,6,6,1,9,2,3.0,1.0,1.66,0.35,20,0,0,0,0,,,7,9,0,0
259,12436938,Premier League,24/25,2024-09-14 14:00:00,Crystal Palace,Leicester City,2,2,4,67.0,33.0,20,9,4,4,5,2,4.0,3.0,2.55,1.23,19,4,1,1,0,90.0,90.0,3,7,1,1
262,12436941,Premier League,24/25,2024-09-14 14:00:00,Fulham,West Ham United,1,1,2,55.0,45.0,21,11,5,3,3,2,4.0,1.0,1.54,0.76,22,2,1,0,1,90.0,90.0,6,10,1,1
265,12436944,Premier League,24/25,2024-09-14 14:00:00,Liverpool FC,Nottingham Forest,0,1,1,69.0,31.0,14,5,5,3,7,2,1.0,2.0,0.94,0.44,23,1,0,0,0,,72.0,8,10,0,0
267,12436946,Premier League,24/25,2024-09-14 14:00:00,Manchester City,Brentford,2,1,3,54.0,46.0,18,8,7,5,12,3,2.0,1.0,2.17,0.96,20,3,0,0,0,,32.0,4,9,0,0
254,12436933,Premier League,24/25,2024-09-14 16:30:00,Aston Villa,Everton,3,2,5,73.0,27.0,17,6,8,2,6,2,6.0,2.0,2.12,0.9,25,5,1,1,0,76.0,76.0,6,10,1,1
252,12436931,Premier League,24/25,2024-09-14 19:00:00,Bournemouth,Chelsea,0,1,1,33.0,67.0,19,10,7,3,6,3,1.0,1.0,1.77,0.77,30,1,1,0,1,86.0,86.0,15,9,1,1
272,12436951,Premier League,24/25,2024-09-15 13:00:00,Tottenham Hotspur,Arsenal,0,1,1,64.0,36.0,15,7,5,4,7,6,0.0,2.0,0.71,0.74,19,1,0,0,0,,64.0,8,6,0,0
274,12436954,Premier League,24/25,2024-09-15 15:30:00,Wolverhampton,Newcastle United,1,2,3,49.0,51.0,12,14,5,6,4,7,2.0,2.0,1.23,1.52,23,3,1,0,1,80.0,80.0,6,10,1,1
298,12436980,Premier League,24/25,2024-09-21 11:30:00,West Ham United,Chelsea,0,3,3,53.0,47.0,15,12,7,5,6,5,0.0,5.0,0.85,2.19,24,3,0,0,0,,47.0,7,10,0,0
277,12436957,Premier League,24/25,2024-09-21 14:00:00,Aston Villa,Wolverhampton,3,1,4,53.0,47.0,9,10,4,4,6,5,5.0,0.0,1.73,0.51,27,4,2,2,0,88.0,90.0,10,9,1,1
284,12436964,Premier League,24/25,2024-09-21 14:00:00,Fulham,Newcastle United,3,1,4,39.0,61.0,22,16,11,5,6,0,5.0,1.0,2.29,1.54,24,4,1,1,0,90.0,90.0,6,10,1,1
287,12436967,Premier League,24/25,2024-09-21 14:00:00,Leicester City,Everton,1,1,2,59.0,41.0,12,17,2,5,6,1,2.0,3.0,0.66,1.1,15,2,0,0,0,,73.0,4,5,0,0
289,12436969,Premier League,24/25,2024-09-21 14:00:00,Liverpool FC,Bournemouth,3,0,3,59.0,41.0,19,19,13,6,3,9,4.0,2.0,2.06,1.08,22,3,0,0,0,,37.0,6,8,0,0
293,12436973,Premier League,24/25,2024-09-21 14:00:00,Southampton,Ipswich Town,1,1,2,54.0,46.0,11,13,3,6,2,10,4.0,2.0,2.49,1.69,24,2,1,0,1,90.0,90.0,8,10,1,1
296,12436977,Premier League,24/25,2024-09-21 14:00:00,Tottenham Hotspur,Brentford,3,1,4,48.0,52.0,23,6,10,6,9,4,7.0,2.0,3.52,0.8,22,4,1,1,0,85.0,85.0,5,9,1,1
282,12436962,Premier League,24/25,2024-09-21 16:30:00,Crystal Palace,Manchester United,0,0,0,33.0,67.0,9,15,4,6,4,11,3.0,5.0,1.01,1.7,16,0,0,0,0,,,5,7,0,0
279,12436959,Premier League,24/25,2024-09-22 13:00:00,Brighton & Hove Albion,Nottingham Forest,2,2,4,70.0,30.0,14,4,3,3,9,1,2.0,2.0,1.0,1.42,28,4,0,0,0,,70.0,11,9,0,0
291,12436971,Premier League,24/25,2024-09-22 15:30:00,Manchester City,Arsenal,2,2,4,77.0,23.0,33,5,11,3,8,2,5.0,3.0,2.18,0.67,26,4,1,1,0,90.0,90.0,10,8,1,1
316,12436999,Premier League,24/25,2024-09-28 11:30:00,Newcastle United,Manchester City,1,1,2,38.0,62.0,11,16,4,6,5,6,2.0,1.0,1.57,0.91,20,2,0,0,0,,58.0,8,6,0,0
303,12436985,Premier League,24/25,2024-09-28 14:00:00,Arsenal,Leicester City,4,2,6,75.0,25.0,35,5,16,3,17,0,9.0,0.0,4.6,0.32,26,6,2,2,0,90.0,90.0,7,8,1,1
305,12436987,Premier League,24/25,2024-09-28 14:00:00,Brentford,West Ham United,1,1,2,57.0,43.0,8,19,3,3,7,6,1.0,1.0,0.37,0.99,18,2,0,0,0,,54.0,5,7,0,0
307,12436989,Premier League,24/25,2024-09-28 14:00:00,Chelsea,Brighton & Hove Albion,4,2,6,41.0,59.0,15,15,7,5,8,2,7.0,3.0,4.16,1.11,25,6,0,0,0,,41.0,5,10,0,0
310,12436992,Premier League,24/25,2024-09-28 14:00:00,Everton,Crystal Palace,2,1,3,40.0,60.0,8,17,2,5,5,8,1.0,1.0,0.89,0.95,15,3,0,0,0,,54.0,2,6,0,0
318,12437001,Premier League,24/25,2024-09-28 14:00:00,Nottingham Forest,Fulham,0,1,1,41.0,59.0,11,14,1,2,6,5,0.0,1.0,0.8,1.33,22,1,0,0,0,,51.0,6,10,0,0
319,12437002,Premier League,24/25,2024-09-28 16:30:00,Wolverhampton,Liverpool FC,1,2,3,45.0,55.0,8,10,3,6,2,10,1.0,3.0,0.63,2.54,18,3,0,0,0,,61.0,5,6,0,0
311,12436993,Premier League,24/25,2024-09-29 13:00:00,Ipswich Town,Aston Villa,2,2,4,44.0,56.0,15,7,5,3,10,0,4.0,2.0,1.18,0.82,23,4,0,0,0,,72.0,5,10,0,0
313,12436995,Premier League,24/25,2024-09-29 15:30:00,Manchester United,Tottenham Hotspur,0,3,3,39.0,61.0,11,24,2,10,5,3,0.0,9.0,0.96,4.59,26,3,1,0,1,77.0,77.0,9,10,1,1
300,12436982,Premier League,24/25,2024-09-30 19:00:00,Bournemouth,Southampton,3,1,4,40.0,60.0,14,9,6,3,6,4,1.0,1.0,1.37,0.6,24,4,0,0,0,,51.0,7,9,0,0
332,12437015,Premier League,24/25,2024-10-05 11:30:00,Crystal Palace,Liverpool FC,0,1,1,32.0,68.0,9,16,5,4,3,8,2.0,4.0,0.64,1.4,20,1,0,0,0,,9.0,6,9,0,0
321,12437004,Premier League,24/25,2024-10-05 14:00:00,Arsenal,Southampton,3,1,4,59.0,41.0,29,8,6,2,13,1,4.0,2.0,2.83,0.65,20,4,1,1,0,88.0,88.0,3,9,1,1
325,12437008,Premier League,24/25,2024-10-05 14:00:00,Brentford,Wolverhampton,5,3,8,44.0,56.0,19,17,12,6,10,3,8.0,1.0,4.25,1.05,25,8,2,1,1,90.0,90.0,5,7,1,1
336,12437020,Premier League,24/25,2024-10-05 14:00:00,Leicester City,Bournemouth,1,0,1,44.0,56.0,6,19,2,2,0,9,2.0,5.0,0.79,2.16,19,1,0,0,0,,16.0,5,9,0,0
338,12437022,Premier League,24/25,2024-10-05 14:00:00,Manchester City,Fulham,3,2,5,58.0,42.0,20,11,7,4,8,3,1.0,5.0,1.57,2.6,22,5,2,1,1,82.0,88.0,4,9,1,1
340,12437024,Premier League,24/25,2024-10-05 14:00:00,West Ham United,Ipswich Town,4,1,5,53.0,47.0,23,9,13,2,5,5,9.0,2.0,3.79,0.65,20,5,0,0,0,,69.0,1,10,0,0
334,12437018,Premier League,24/25,2024-10-05 16:30:00,Everton,Newcastle United,0,0,0,32.0,68.0,8,14,2,3,0,10,2.0,1.0,0.67,2.05,16,0,0,0,0,,,3,6,0,0
323,12437006,Premier League,24/25,2024-10-06 13:00:00,Aston Villa,Manchester United,0,0,0,54.0,46.0,11,10,1,4,6,3,,,0.5,0.56,18,0,0,0,0,,,6,8,0,0
330,12437013,Premier League,24/25,2024-10-06 13:00:00,Chelsea,Nottingham Forest,1,1,2,66.0,34.0,22,16,8,9,11,3,3.0,4.0,2.46,0.87,27,2,0,0,0,,57.0,11,10,0,0
328,12437011,Premier League,24/25,2024-10-06 15:30:00,Brighton & Hove Albion,Tottenham Hotspur,3,2,5,41.0,59.0,11,13,4,3,4,7,4.0,1.0,1.76,1.34,21,5,0,0,0,,66.0,4,8,0,0
353,12437038,Premier League,24/25,2024-10-19 11:30:00,Tottenham Hotspur,West Ham United,4,1,5,57.0,43.0,22,11,7,4,13,5,2.0,2.0,1.92,0.78,24,5,0,0,0,,60.0,5,9,0,0
344,12437028,Premier League,24/25,2024-10-19 14:00:00,Fulham,Aston Villa,1,3,4,52.0,48.0,10,14,4,5,6,11,4.0,2.0,1.78,1.68,28,4,0,0,0,,69.0,9,9,0,0
349,12437034,Premier League,24/25,2024-10-19 14:00:00,Manchester United,Brentford,2,1,3,50.0,50.0,23,8,11,2,9,2,3.0,2.0,1.33,0.86,20,3,0,0,0,,62.0,5,8,0,0
350,12437035,Premier League,24/25,2024-10-19 14:00:00,Newcastle United,Brighton & Hove Albion,0,1,1,60.0,40.0,21,10,6,5,9,4,4.0,4.0,2.02,1.12,19,1,0,0,0,,35.0,4,10,0,0
352,12437037,Premier League,24/25,2024-10-19 14:00:00,Southampton,Leicester City,2,3,5,42.0,58.0,14,18,7,4,10,6,3.0,4.0,2.15,3.21,29,5,1,0,1,90.0,90.0,10,9,1,1
346,12437030,Premier League,24/25,2024-10-19 14:15:00,Ipswich Town,Everton,0,2,2,55.0,45.0,13,11,2,8,5,7,2.0,3.0,1.25,1.74,15,2,0,0,0,,40.0,2,6,0,0
342,12437026,Premier League,24/25,2024-10-19 16:30:00,Bournemouth,Arsenal,2,0,2,49.0,51.0,13,6,4,1,7,4,3.0,2.0,1.82,0.68,19,2,1,1,0,79.0,79.0,3,9,1,1
354,12437039,Premier League,24/25,2024-10-20 13:00:00,Wolverhampton,Manchester City,1,2,3,22.0,78.0,3,22,2,7,1,18,2.0,0.0,0.97,1.62,20,3,1,0,1,90.0,90.0,5,7,1,1
348,12437032,Premier League,24/25,2024-10-20 15:30:00,Liverpool FC,Chelsea,2,1,3,43.0,57.0,9,12,5,2,1,5,3.0,3.0,1.94,0.99,26,3,0,0,0,,51.0,8,9,0,0
351,12437036,Premier League,24/25,2024-10-21 19:00:00,Nottingham Forest,Crystal Palace,1,0,1,50.0,50.0,20,20,6,7,6,6,3.0,0.0,1.76,0.97,19,1,0,0,0,,65.0,5,9,0,0
362,12437048,Premier League,24/25,2024-10-25 19:00:00,Leicester City,Nottingham Forest,1,3,4,64.0,36.0,11,20,1,5,6,7,1.0,4.0,0.76,1.73,24,4,0,0,0,,60.0,8,8,0,0
356,12437041,Premier League,24/25,2024-10-26 14:00:00,Aston Villa,Bournemouth,1,1,2,57.0,43.0,18,10,8,3,9,7,3.0,0.0,1.81,0.31,30,2,2,1,1,76.0,90.0,13,10,1,1
357,12437043,Premier League,24/25,2024-10-26 14:00:00,Brentford,Ipswich Town,4,3,7,65.0,35.0,20,11,9,5,4,5,7.0,4.0,4.1,1.3,23,7,2,1,1,86.0,90.0,3,8,1,1
358,12437044,Premier League,24/25,2024-10-26 14:00:00,Brighton & Hove Albion,Wolverhampton,2,2,4,51.0,49.0,19,14,6,7,9,6,2.0,1.0,1.31,1.36,24,4,3,1,2,85.0,90.0,6,10,1,1
363,12437049,Premier League,24/25,2024-10-26 14:00:00,Manchester City,Southampton,1,0,1,57.0,43.0,22,5,8,2,12,1,4.0,1.0,2.95,0.21,17,1,0,0,0,,5.0,5,7,0,0
361,12437047,Premier League,24/25,2024-10-26 16:30:00,Everton,Fulham,1,1,2,40.0,60.0,10,14,5,3,4,2,1.0,1.0,0.79,1.26,16,2,1,1,0,90.0,90.0,1,9,1,1
359,12437045,Premier League,24/25,2024-10-27 14:00:00,Chelsea,Newcastle United,2,1,3,50.0,50.0,17,11,7,3,7,4,1.0,3.0,1.61,1.81,28,3,0,0,0,,47.0,10,9,0,0
360,12437046,Premier League,24/25,2024-10-27 14:00:00,Crystal Palace,Tottenham Hotspur,1,0,1,34.0,66.0,14,11,6,3,8,8,1.0,2.0,0.78,0.74,20,1,0,0,0,,31.0,8,7,0,0
364,12437050,Premier League,24/25,2024-10-27 14:00:00,West Ham United,Manchester United,2,1,3,43.0,57.0,12,18,3,5,6,5,4.0,5.0,3.0,2.34,22,3,2,1,1,81.0,90.0,6,8,1,1
355,12437040,Premier League,24/25,2024-10-27 16:30:00,Arsenal,Liverpool FC,2,2,4,45.0,55.0,9,9,3,4,1,3,2.0,2.0,0.92,0.81,21,4,1,0,1,81.0,81.0,5,8,1,1
370,12437056,Premier League,24/25,2024-11-02 12:30:00,Newcastle United,Arsenal,1,0,1,36.0,64.0,9,10,4,1,4,6,1.0,1.0,0.53,1.05,21,1,0,0,0,,12.0,8,8,0,0
365,12437051,Premier League,24/25,2024-11-02 15:00:00,Bournemouth,Manchester City,2,1,3,36.0,64.0,12,18,6,4,3,10,6.0,3.0,2.04,1.56,16,3,1,0,1,82.0,82.0,3,6,1,1
367,12437053,Premier League,24/25,2024-11-02 15:00:00,Ipswich Town,Leicester City,1,1,2,42.0,58.0,14,20,2,6,4,6,2.0,4.0,1.0,1.55,22,2,1,0,1,90.0,90.0,8,8,1,1
368,12437054,Premier League,24/25,2024-11-02 15:00:00,Liverpool FC,Brighton & Hove Albion,2,1,3,49.0,51.0,16,13,8,5,9,7,4.0,1.0,1.65,1.01,20,3,0,0,0,,72.0,3,10,0,0
371,12437057,Premier League,24/25,2024-11-02 15:00:00,Nottingham Forest,West Ham United,3,0,3,53.0,47.0,19,4,6,2,10,6,3.0,0.0,2.17,0.13,21,3,1,1,0,78.0,78.0,6,8,1,1
372,12437058,Premier League,24/25,2024-11-02 15:00:00,Southampton,Everton,1,0,1,65.0,35.0,9,16,2,5,3,6,1.0,3.0,0.74,1.56,20,1,1,1,0,85.0,85.0,6,8,1,1
374,12437060,Premier League,24/25,2024-11-02 17:30:00,Wolverhampton,Crystal Palace,2,2,4,57.0,43.0,11,19,6,7,3,6,4.0,4.0,1.53,2.51,16,4,1,0,1,77.0,77.0,3,6,1,1
373,12437059,Premier League,24/25,2024-11-03 14:00:00,Tottenham Hotspur,Aston Villa,4,1,5,51.0,49.0,16,12,6,1,6,4,3.0,4.0,2.44,1.86,21,5,2,2,0,79.0,90.0,2,10,1,1
369,12437055,Premier League,24/25,2024-11-03 16:30:00,Manchester United,Chelsea,1,1,2,46.0,54.0,11,12,4,3,4,8,4.0,1.0,1.98,1.1,20,2,0,0,0,,74.0,8,6,0,0
366,12437052,Premier League,24/25,2024-11-04 20:00:00,Fulham,Brentford,2,1,3,68.0,32.0,26,5,12,2,11,3,1.0,1.0,1.35,0.59,20,3,2,2,0,90.0,90.0,3,10,1,1
50,12436483,Premier League,24/25,2024-11-09 15:00:00,Crystal Palace,Fulham,0,2,2,36.0,64.0,13,17,5,7,1,8,4.0,3.0,1.52,1.83,20,2,1,0,1,83.0,83.0,3,9,1,1
52,12436485,Premier League,24/25,2024-11-09 15:00:00,Wolverhampton,Southampton,2,0,2,29.0,71.0,8,9,4,0,1,9,1.0,1.0,1.26,0.66,21,2,0,0,0,,51.0,5,9,0,0
53,12436486,Premier League,24/25,2024-11-09 15:00:00,West Ham United,Everton,0,0,0,49.0,51.0,11,18,6,4,7,6,2.0,0.0,0.83,1.11,14,0,0,0,0,,,4,6,0,0
200,12436876,Premier League,24/25,2024-11-09 15:00:00,Brentford,Bournemouth,3,2,5,52.0,48.0,12,15,6,3,6,4,2.0,3.0,1.48,2.61,24,5,0,0,0,,58.0,6,9,0,0
205,12436882,Premier League,24/25,2024-11-09 17:30:00,Brighton & Hove Albion,Manchester City,2,1,3,40.0,60.0,10,15,4,6,0,4,8.0,5.0,2.29,2.22,20,3,2,2,0,78.0,83.0,6,7,1,1
51,12436484,Premier League,24/25,2024-11-09 20:00:00,Liverpool FC,Aston Villa,2,0,2,62.0,38.0,14,12,5,2,2,9,4.0,5.0,2.02,1.38,18,2,1,1,0,84.0,84.0,3,9,1,1
54,12436487,Premier League,24/25,2024-11-10 14:00:00,Nottingham Forest,Newcastle United,1,3,4,44.0,56.0,9,17,3,6,4,5,2.0,2.0,0.63,1.7,18,4,1,0,1,83.0,83.0,2,8,1,1
59,12436492,Premier League,24/25,2024-11-10 14:00:00,Tottenham Hotspur,Ipswich Town,1,2,3,66.0,34.0,17,8,5,3,12,2,2.0,4.0,1.55,1.62,20,3,0,0,0,,69.0,6,6,0,0
61,12436494,Premier League,24/25,2024-11-10 14:00:00,Manchester United,Leicester City,3,0,3,51.0,49.0,13,6,3,5,1,5,1.0,1.0,0.76,0.63,15,3,1,1,0,82.0,82.0,1,7,1,1
213,12436890,Premier League,24/25,2024-11-10 16:30:00,Chelsea,Arsenal,1,1,2,49.0,51.0,17,13,3,3,4,3,1.0,4.0,1.54,1.55,20,2,0,0,0,,70.0,6,7,0,0
62,12436495,Premier League,24/25,2024-11-23 12:30:00,Leicester City,Chelsea,1,2,3,37.0,63.0,4,16,1,7,2,9,1.0,4.0,1.11,2.75,25,3,1,1,0,90.0,90.0,8,9,1,1
55,12436488,Premier League,24/25,2024-11-23 15:00:00,Everton,Brentford,0,0,0,59.0,41.0,27,9,5,2,10,4,1.0,2.0,1.2,1.1,12,0,0,0,0,,,2,5,0,0
56,12436489,Premier League,24/25,2024-11-23 15:00:00,Arsenal,Nottingham Forest,3,0,3,66.0,34.0,19,7,7,0,8,1,1.0,0.0,1.19,0.33,21,3,1,1,0,86.0,86.0,5,9,1,1
57,12436490,Premier League,24/25,2024-11-23 15:00:00,Fulham,Wolverhampton,1,4,5,59.0,41.0,10,10,3,5,7,2,1.0,2.0,1.03,1.32,23,5,2,0,2,87.0,90.0,3,11,1,1
58,12436491,Premier League,24/25,2024-11-23 15:00:00,Bournemouth,Brighton & Hove Albion,1,2,3,55.0,45.0,19,6,5,4,7,0,4.0,2.0,1.63,0.94,22,3,1,1,0,90.0,90.0,6,9,1,1
60,12436493,Premier League,24/25,2024-11-23 15:00:00,Aston Villa,Crystal Palace,2,2,4,70.0,30.0,17,13,5,6,10,1,4.0,4.0,3.11,1.26,24,4,1,1,0,77.0,77.0,5,9,1,1
66,12436499,Premier League,24/25,2024-11-23 17:30:00,Manchester City,Tottenham Hotspur,0,4,4,58.0,42.0,23,9,5,7,9,3,4.0,6.0,2.14,2.51,21,4,1,0,1,90.0,90.0,6,7,1,1
73,12436506,Premier League,24/25,2024-11-24 14:00:00,Southampton,Liverpool FC,2,3,5,38.0,62.0,7,27,5,11,3,10,3.0,7.0,1.28,3.15,24,5,1,0,1,83.0,83.0,7,7,1,1
64,12436497,Premier League,24/25,2024-11-24 16:30:00,Ipswich Town,Manchester United,1,1,2,40.0,60.0,11,11,6,4,4,3,3.0,2.0,1.59,0.8,15,2,0,0,0,,43.0,0,9,0,0
63,12436496,Premier League,24/25,2024-11-25 20:00:00,Newcastle United,West Ham United,0,2,2,53.0,47.0,18,15,2,6,8,3,2.0,0.0,1.64,0.81,18,2,0,0,0,,53.0,2,10,0,0
68,12436501,Premier League,24/25,2024-11-29 20:00:00,Brighton & Hove Albion,Southampton,1,1,2,52.0,48.0,22,10,5,2,7,6,3.0,1.0,1.68,1.01,23,2,0,0,0,,59.0,7,9,0,0
67,12436500,Premier League,24/25,2024-11-30 15:00:00,Brentford,Leicester City,4,1,5,60.0,40.0,13,7,6,3,5,4,4.0,1.0,2.4,1.06,21,5,0,0,0,,59.0,2,10,0,0
69,12436502,Premier League,24/25,2024-11-30 15:00:00,Crystal Palace,Newcastle United,1,1,2,49.0,51.0,16,1,4,0,8,9,5.0,0.0,1.76,0.04,19,2,1,1,0,90.0,90.0,7,6,1,1
70,12436503,Premier League,24/25,2024-11-30 15:00:00,Nottingham Forest,Ipswich Town,1,0,1,45.0,55.0,12,7,5,3,8,7,2.0,0.0,1.68,0.59,19,1,0,0,0,,49.0,4,10,0,0
244,12436922,Premier League,24/25,2024-11-30 15:00:00,Wolverhampton,Bournemouth,2,4,6,60.0,40.0,10,12,3,8,3,4,2.0,4.0,0.46,3.29,25,6,0,0,0,,74.0,6,8,0,0
237,12436914,Premier League,24/25,2024-11-30 17:30:00,West Ham United,Arsenal,2,5,7,40.0,60.0,12,16,5,7,2,10,2.0,5.0,1.54,3.6,26,7,0,0,0,,45.0,5,10,0,0
65,12436498,Premier League,24/25,2024-12-01 13:30:00,Chelsea,Aston Villa,3,0,3,64.0,36.0,17,10,8,4,3,4,2.0,2.0,1.69,1.23,21,3,1,1,0,83.0,83.0,4,10,1,1
72,12436505,Premier League,24/25,2024-12-01 13:30:00,Manchester United,Everton,4,0,4,60.0,40.0,11,8,5,2,2,2,3.0,1.0,1.07,0.58,23,4,0,0,0,,64.0,5,10,0,0
74,12436507,Premier League,24/25,2024-12-01 13:30:00,Tottenham Hotspur,Fulham,1,1,2,51.0,49.0,8,14,3,6,7,11,2.0,3.0,0.78,1.58,18,2,0,0,0,,67.0,2,9,0,0
71,12436504,Premier League,24/25,2024-12-01 16:00:00,Liverpool FC,Manchester City,2,0,2,44.0,56.0,18,8,7,2,7,4,5.0,1.0,3.57,0.84,18,2,1,1,0,78.0,78.0,4,8,1,1
281,12436961,Premier League,24/25,2024-12-03 19:30:00,Ipswich Town,Crystal Palace,0,1,1,54.0,46.0,9,13,2,3,4,7,1.0,3.0,0.49,1.64,19,1,0,0,0,,59.0,6,8,0,0
286,12436966,Premier League,24/25,2024-12-03 20:15:00,Leicester City,West Ham United,3,1,4,39.0,61.0,8,31,6,10,3,9,7.0,5.0,1.67,3.1,24,4,2,1,1,90.0,90.0,4,10,1,1
268,12436947,Premier League,24/25,2024-12-04 19:30:00,Everton,Wolverhampton,4,0,4,44.0,56.0,13,6,4,2,3,4,2.0,2.0,1.02,0.78,19,4,0,0,0,,72.0,2,8,0,0
292,12436972,Premier League,24/25,2024-12-04 19:30:00,Manchester City,Nottingham Forest,3,0,3,67.0,33.0,17,12,7,3,8,2,4.0,1.0,2.41,1.04,23,3,0,0,0,,57.0,6,10,0,0
297,12436978,Premier League,24/25,2024-12-04 19:30:00,Newcastle United,Liverpool FC,3,3,6,41.0,59.0,17,16,6,5,5,6,4.0,4.0,2.09,1.99,24,6,2,1,1,83.0,90.0,7,7,1,1
302,12436984,Premier League,24/25,2024-12-04 19:30:00,Southampton,Chelsea,1,5,6,45.0,55.0,6,26,4,13,5,7,4.0,12.0,1.56,5.43,21,6,2,0,2,76.0,87.0,2,8,1,1
256,12436935,Premier League,24/25,2024-12-04 20:15:00,Arsenal,Manchester United,2,0,2,50.0,50.0,14,5,6,2,13,0,5.0,0.0,2.16,0.22,18,2,0,0,0,,73.0,4,8,0,0
263,12436942,Premier League,24/25,2024-12-04 20:15:00,Aston Villa,Brentford,3,1,4,49.0,51.0,20,9,10,1,10,5,4.0,1.0,2.43,1.0,21,4,0,0,0,,54.0,4,9,0,0
275,12436955,Premier League,24/25,2024-12-05 19:30:00,Fulham,Brighton & Hove Albion,3,1,4,43.0,57.0,6,13,2,3,5,6,1.0,3.0,0.65,1.47,22,4,2,2,0,79.0,87.0,4,10,1,1
375,13015216,Premier League,24/25,2024-12-05 20:15:00,Bournemouth,Tottenham Hotspur,1,0,1,35.0,65.0,21,12,8,4,5,9,7.0,1.0,3.71,0.87,19,1,0,0,0,,17.0,4,9,0,0
13,12436445,Premier League,24/25,2024-12-07 15:00:00,Crystal Palace,Manchester City,2,2,4,32.0,68.0,12,12,3,4,6,8,1.0,3.0,1.34,1.45,15,4,0,0,0,,68.0,3,4,0,0
18,12436450,Premier League,24/25,2024-12-07 15:00:00,Brentford,Newcastle United,4,2,6,44.0,56.0,11,16,8,3,3,4,3.0,3.0,1.23,1.48,22,6,1,1,0,90.0,90.0,3,9,1,1
308,12436990,Premier League,24/25,2024-12-07 15:00:00,Aston Villa,Southampton,1,0,1,47.0,53.0,18,4,5,0,14,1,5.0,0.0,2.29,0.33,17,1,0,0,0,,24.0,4,8,0,0
17,12436449,Premier League,24/25,2024-12-07 17:30:00,Manchester United,Nottingham Forest,2,3,5,71.0,29.0,17,11,7,3,5,3,2.0,0.0,1.6,0.83,20,5,0,0,0,,61.0,2,9,0,0
12,12436444,Premier League,24/25,2024-12-08 14:00:00,Leicester City,Brighton & Hove Albion,2,2,4,55.0,45.0,10,16,3,7,4,5,3.0,0.0,1.31,1.54,21,4,3,2,1,79.0,90.0,3,10,1,1
26,12436459,Premier League,24/25,2024-12-08 14:00:00,Fulham,Arsenal,1,1,2,34.0,66.0,2,12,2,4,0,6,0.0,4.0,0.16,2.03,21,2,0,0,0,,52.0,6,8,0,0
29,12436462,Premier League,24/25,2024-12-08 14:00:00,Ipswich Town,Bournemouth,1,2,3,43.0,57.0,18,22,5,6,6,13,1.0,5.0,1.32,3.28,20,3,2,0,2,87.0,90.0,4,9,1,1
9,12436441,Premier League,24/25,2024-12-08 16:30:00,Tottenham Hotspur,Chelsea,3,4,7,39.0,61.0,13,17,5,8,5,10,6.0,3.0,2.9,2.83,26,7,2,1,1,84.0,90.0,5,10,1,1
21,12436454,Premier League,24/25,2024-12-09 20:00:00,West Ham United,Wolverhampton,2,1,3,54.0,46.0,19,19,4,5,11,0,1.0,2.0,0.97,1.47,26,3,0,0,0,,72.0,9,9,0,0
6,12436438,Premier League,24/25,2024-12-14 15:00:00,Arsenal,Everton,0,0,0,77.0,23.0,13,2,5,0,8,2,1.0,0.0,1.22,0.09,14,0,0,0,0,,,3,7,0,0
14,12436446,Premier League,24/25,2024-12-14 15:00:00,Liverpool FC,Fulham,2,2,4,61.0,39.0,16,12,4,3,5,4,3.0,1.0,2.13,1.22,25,4,2,1,1,76.0,86.0,9,8,1,1
23,12436456,Premier League,24/25,2024-12-14 15:00:00,Wolverhampton,Ipswich Town,1,2,3,54.0,46.0,16,10,6,5,7,3,1.0,2.0,1.27,1.2,19,3,1,0,1,90.0,90.0,5,7,1,1
27,12436460,Premier League,24/25,2024-12-14 15:00:00,Newcastle United,Leicester City,4,0,4,59.0,41.0,27,4,11,1,5,2,5.0,0.0,3.79,0.19,24,4,0,0,0,,60.0,6,10,0,0
15,12436447,Premier League,24/25,2024-12-14 17:30:00,Nottingham Forest,Aston Villa,2,1,3,50.0,50.0,17,8,6,2,4,3,3.0,0.0,1.78,0.42,17,3,2,2,0,87.0,90.0,1,8,1,1
24,12436457,Premier League,24/25,2024-12-15 14:00:00,Brighton & Hove Albion,Crystal Palace,1,3,4,65.0,35.0,17,13,5,5,8,5,1.0,5.0,1.0,2.31,23,4,2,1,1,82.0,87.0,5,10,1,1
19,12436451,Premier League,24/25,2024-12-15 16:30:00,Manchester City,Manchester United,1,2,3,52.0,48.0,10,10,3,3,8,2,0.0,3.0,0.95,2.08,17,3,2,0,2,88.0,90.0,2,8,1,1
25,12436458,Premier League,24/25,2024-12-15 19:00:00,Southampton,Tottenham Hotspur,0,5,5,42.0,58.0,9,18,3,9,2,5,3.0,6.0,0.84,2.44,21,5,0,0,0,,45.0,4,8,0,0
28,12436461,Premier League,24/25,2024-12-15 19:00:00,Chelsea,Brentford,2,1,3,62.0,38.0,26,9,8,4,8,5,4.0,4.0,2.23,1.61,17,3,2,1,1,80.0,90.0,4,6,1,1
32,12436465,Premier League,24/25,2024-12-16 20:00:00,Bournemouth,West Ham United,1,1,2,51.0,49.0,29,16,9,3,12,6,2.0,1.0,2.01,2.06,18,2,2,1,1,87.0,90.0,3,8,1,1
20,12436453,Premier League,24/25,2024-12-21 12:30:00,Aston Villa,Manchester City,2,1,3,44.0,56.0,11,12,6,6,5,4,4.0,2.0,1.67,1.03,18,3,1,0,1,90.0,90.0,6,5,1,1
30,12436463,Premier League,24/25,2024-12-21 15:00:00,Brentford,Nottingham Forest,0,2,2,64.0,36.0,7,10,3,6,9,5,1.0,2.0,0.72,0.9,22,2,0,0,0,,51.0,7,9,0,0
34,12436467,Premier League,24/25,2024-12-21 15:00:00,Ipswich Town,Newcastle United,0,4,4,42.0,58.0,10,15,2,7,2,1,1.0,6.0,0.71,2.33,21,4,0,0,0,,54.0,2,10,0,0
45,12436478,Premier League,24/25,2024-12-21 15:00:00,West Ham United,Brighton & Hove Albion,1,1,2,46.0,54.0,11,12,4,6,8,4,2.0,4.0,1.31,0.94,20,2,0,0,0,,58.0,4,10,0,0
31,12436464,Premier League,24/25,2024-12-21 17:30:00,Crystal Palace,Arsenal,1,5,6,42.0,58.0,15,14,6,6,3,3,3.0,5.0,1.59,2.87,24,6,1,0,1,84.0,84.0,4,10,1,1
33,12436466,Premier League,24/25,2024-12-22 14:00:00,Everton,Chelsea,0,0,0,25.0,75.0,5,12,4,5,2,5,2.0,3.0,1.03,1.17,14,0,0,0,0,,,5,5,0,0
35,12436468,Premier League,24/25,2024-12-22 14:00:00,Fulham,Southampton,0,0,0,57.0,43.0,15,5,5,1,6,5,2.0,0.0,0.88,0.26,17,0,0,0,0,,,4,9,0,0
36,12436469,Premier League,24/25,2024-12-22 14:00:00,Leicester City,Wolverhampton,0,3,3,54.0,46.0,9,8,5,4,6,1,1.0,2.0,0.8,1.11,19,3,0,0,0,,44.0,2,10,0,0
37,12436470,Premier League,24/25,2024-12-22 14:00:00,Manchester United,Bournemouth,0,3,3,60.0,40.0,23,10,7,5,13,1,4.0,2.0,2.28,1.63,19,3,0,0,0,,63.0,4,8,0,0
38,12436471,Premier League,24/25,2024-12-22 16:30:00,Tottenham Hotspur,Liverpool FC,3,6,9,52.0,48.0,9,24,5,12,7,5,2.0,11.0,1.27,5.63,23,9,2,1,1,83.0,85.0,3,7,1,1
48,12436481,Premier League,24/25,2024-12-26 12:30:00,Manchester City,Everton,1,1,2,66.0,34.0,24,8,5,3,8,5,4.0,1.0,2.09,0.63,18,2,0,0,0,,36.0,5,6,0,0
40,12436473,Premier League,24/25,2024-12-26 15:00:00,Chelsea,Fulham,1,2,3,47.0,53.0,12,14,8,7,3,1,3.0,3.0,1.12,1.78,16,3,2,0,2,82.0,90.0,4,5,1,1
43,12436476,Premier League,24/25,2024-12-26 15:00:00,Bournemouth,Crystal Palace,0,0,0,52.0,48.0,18,10,4,4,5,2,,,1.47,0.45,15,0,0,0,0,,,4,7,0,0
44,12436477,Premier League,24/25,2024-12-26 15:00:00,Newcastle United,Aston Villa,3,0,3,63.0,37.0,22,4,8,1,9,6,3.0,0.0,2.76,0.34,22,3,1,1,0,90.0,90.0,4,10,1,1
46,12436479,Premier League,24/25,2024-12-26 15:00:00,Nottingham Forest,Tottenham Hotspur,1,0,1,30.0,70.0,10,13,3,4,2,7,2.0,1.0,1.12,0.9,22,1,0,0,0,,28.0,7,10,0,0
47,12436480,Premier League,24/25,2024-12-26 15:00:00,Southampton,West Ham United,0,1,1,54.0,46.0,18,16,5,2,2,2,4.0,2.0,1.4,1.81,21,1,0,0,0,,59.0,3,12,0,0
49,12436482,Premier League,24/25,2024-12-26 17:30:00,Wolverhampton,Manchester United,2,0,2,51.0,49.0,7,11,4,4,4,4,1.0,0.0,0.86,0.44,22,2,1,1,0,90.0,90.0,6,10,1,1
41,12436474,Premier League,24/25,2024-12-26 20:00:00,Liverpool FC,Leicester City,3,1,4,69.0,31.0,19,4,7,1,14,1,1.0,0.0,1.91,0.34,22,4,1,1,0,82.0,82.0,5,9,1,1
42,12436475,Premier League,24/25,2024-12-27 19:30:00,Brighton & Hove Albion,Brentford,0,0,0,58.0,42.0,24,8,7,3,5,3,1.0,1.0,1.31,1.07,16,0,0,0,0,,,3,8,0,0
39,12436472,Premier League,24/25,2024-12-27 20:15:00,Arsenal,Ipswich Town,1,0,1,68.0,32.0,13,3,5,0,5,1,3.0,0.0,1.86,0.15,14,1,0,0,0,,23.0,2,7,0,0
79,12436512,Premier League,24/25,2024-12-29 14:30:00,Leicester City,Manchester City,0,2,2,54.0,46.0,11,14,4,5,4,4,3.0,2.0,1.3,1.27,15,2,0,0,0,,74.0,3,6,0,0
82,12436515,Premier League,24/25,2024-12-29 15:00:00,Fulham,Bournemouth,2,2,4,52.0,48.0,11,16,6,9,1,7,1.0,3.0,1.11,1.98,21,4,1,0,1,89.0,89.0,4,9,1,1
84,12436517,Premier League,24/25,2024-12-29 15:00:00,Everton,Nottingham Forest,0,2,2,64.0,36.0,13,11,2,7,5,4,0.0,5.0,0.89,1.48,20,2,0,0,0,,61.0,5,9,0,0
88,12436521,Premier League,24/25,2024-12-29 15:00:00,Tottenham Hotspur,Wolverhampton,2,2,4,48.0,52.0,13,11,3,3,5,5,5.0,1.0,2.25,0.72,21,4,1,0,1,87.0,87.0,3,9,1,1
99,12436532,Premier League,24/25,2024-12-29 15:00:00,Crystal Palace,Southampton,2,1,3,46.0,54.0,19,7,10,3,8,7,4.0,1.0,2.03,0.94,20,3,0,0,0,,52.0,5,8,0,0
80,12436513,Premier League,24/25,2024-12-29 17:15:00,West Ham United,Liverpool FC,0,5,5,46.0,54.0,7,22,0,13,2,6,1.0,9.0,0.36,3.15,19,5,1,0,1,84.0,84.0,0,10,1,1
77,12436510,Premier League,24/25,2024-12-30 19:45:00,Ipswich Town,Chelsea,2,0,2,24.0,76.0,9,20,6,5,4,7,2.0,4.0,1.58,2.0,24,2,0,0,0,,53.0,8,9,0,0
97,12436530,Premier League,24/25,2024-12-30 19:45:00,Aston Villa,Brighton & Hove Albion,2,2,4,60.0,40.0,20,13,4,4,12,3,3.0,2.0,1.78,1.13,25,4,1,0,1,81.0,81.0,6,10,1,1
89,12436522,Premier League,24/25,2024-12-30 20:00:00,Manchester United,Newcastle United,0,2,2,53.0,47.0,10,12,1,4,2,3,2.0,4.0,0.9,1.92,15,2,0,0,0,,19.0,2,7,0,0
1,12436410,Premier League,24/25,2025-01-01 17:30:00,Brentford,Arsenal,1,3,4,51.0,49.0,5,14,2,5,4,3,0.0,2.0,0.32,1.91,20,4,0,0,0,,53.0,3,9,0,0
86,12436519,Premier League,24/25,2025-01-04 12:30:00,Tottenham Hotspur,Newcastle United,1,2,3,57.0,43.0,13,14,4,4,9,10,1.0,4.0,0.94,2.53,20,3,0,0,0,,38.0,5,8,0,0
2,12436419,Premier League,24/25,2025-01-04 15:00:00,Crystal Palace,Chelsea,1,1,2,38.0,62.0,13,15,6,1,6,6,2.0,2.0,1.08,1.24,12,2,1,1,0,82.0,82.0,2,4,1,1
75,12436508,Premier League,24/25,2025-01-04 15:00:00,Manchester City,West Ham United,4,1,5,56.0,44.0,10,17,7,4,7,1,3.0,3.0,1.91,1.37,20,5,0,0,0,,71.0,4,7,0,0
85,12436518,Premier League,24/25,2025-01-04 15:00:00,Bournemouth,Everton,1,0,1,58.0,42.0,19,9,8,0,9,3,5.0,1.0,1.84,0.71,17,1,1,1,0,77.0,77.0,4,8,1,1
87,12436520,Premier League,24/25,2025-01-04 15:00:00,Southampton,Brentford,0,5,5,51.0,49.0,8,20,1,11,2,2,0.0,11.0,0.29,4.46,20,5,2,0,2,90.0,90.0,2,8,1,1
90,12436523,Premier League,24/25,2025-01-04 15:00:00,Aston Villa,Leicester City,2,1,3,61.0,39.0,13,4,5,2,6,2,3.0,3.0,1.56,0.41,16,3,1,1,0,76.0,76.0,1,8,1,1
95,12436528,Premier League,24/25,2025-01-04 17:30:00,Brighton & Hove Albion,Arsenal,1,1,2,45.0,55.0,11,9,4,3,2,5,3.0,5.0,1.52,0.88,17,2,0,0,0,,61.0,5,6,0,0
92,12436525,Premier League,24/25,2025-01-05 14:00:00,Fulham,Ipswich Town,2,2,4,73.0,27.0,15,7,4,3,9,2,4.0,3.0,2.24,1.59,24,4,1,1,0,90.0,90.0,6,9,1,1
81,12436514,Premier League,24/25,2025-01-05 16:30:00,Liverpool FC,Manchester United,2,2,4,53.0,47.0,19,13,6,4,6,9,4.0,3.0,2.82,1.05,22,4,1,0,1,80.0,80.0,6,7,1,1
5,12436437,Premier League,24/25,2025-01-06 20:00:00,Wolverhampton,Nottingham Forest,0,3,3,61.0,39.0,13,11,6,3,5,3,2.0,4.0,1.59,2.13,19,3,1,0,1,90.0,90.0,3,9,1,1
4,12436436,Premier League,24/25,2025-01-14 19:30:00,Brentford,Manchester City,2,2,4,45.0,55.0,18,21,6,8,4,5,4.0,5.0,2.58,2.2,13,4,3,2,1,78.0,90.0,0,5,1,1
76,12436509,Premier League,24/25,2025-01-14 19:30:00,West Ham United,Fulham,3,2,5,44.0,56.0,4,21,3,5,0,3,2.0,3.0,0.95,1.9,23,5,1,0,1,78.0,78.0,6,8,1,1
98,12436531,Premier League,24/25,2025-01-14 19:30:00,Chelsea,Bournemouth,2,2,4,57.0,43.0,26,7,10,3,9,3,5.0,1.0,2.5,1.18,20,4,1,1,0,90.0,90.0,5,6,1,1
93,12436526,Premier League,24/25,2025-01-14 20:00:00,Nottingham Forest,Liverpool FC,1,1,2,29.0,71.0,6,23,3,7,0,9,1.0,4.0,0.31,1.99,17,2,0,0,0,,66.0,3,8,0,0
3,12436434,Premier League,24/25,2025-01-15 19:30:00,Everton,Aston Villa,0,1,1,50.0,50.0,10,11,3,3,8,5,3.0,4.0,1.14,1.21,12,1,0,0,0,,51.0,3,4,0,0
94,12436527,Premier League,24/25,2025-01-15 19:30:00,Leicester City,Crystal Palace,0,2,2,57.0,43.0,21,9,4,4,4,3,3.0,4.0,1.7,1.82,15,2,1,0,1,78.0,78.0,0,9,1,1
96,12436529,Premier League,24/25,2025-01-15 19:30:00,Newcastle United,Wolverhampton,3,0,3,61.0,39.0,17,13,5,7,4,2,3.0,5.0,2.11,1.62,20,3,0,0,0,,74.0,2,10,0,0
78,12436511,Premier League,24/25,2025-01-15 20:00:00,Arsenal,Tottenham Hotspur,2,1,3,53.0,47.0,14,10,4,2,10,4,4.0,1.0,1.45,0.78,18,3,0,0,0,,44.0,4,7,0,0
91,12436524,Premier League,24/25,2025-01-16 19:30:00,Ipswich Town,Brighton & Hove Albion,0,2,2,46.0,54.0,5,11,3,5,1,9,,,0.28,0.97,19,2,1,0,1,82.0,82.0,4,9,1,1
83,12436516,Premier League,24/25,2025-01-16 20:00:00,Manchester United,Southampton,3,1,4,60.0,40.0,23,13,9,5,4,4,6.0,1.0,3.42,1.54,22,4,3,3,0,82.0,90.0,4,10,1,1
208,12436885,Premier League,24/25,2025-01-18 12:30:00,Newcastle United,Bournemouth,1,4,5,55.0,45.0,13,19,5,10,7,6,1.0,4.0,0.79,2.26,24,5,2,0,2,90.0,90.0,7,7,1,1
8,12436440,Premier League,24/25,2025-01-18 15:00:00,Brentford,Liverpool FC,0,2,2,39.0,61.0,11,37,6,8,2,15,2.0,4.0,0.72,3.43,18,2,2,0,2,90.0,90.0,5,7,1,1
10,12436442,Premier League,24/25,2025-01-18 15:00:00,Leicester City,Fulham,0,2,2,39.0,61.0,8,17,4,2,5,2,1.0,4.0,0.47,2.19,19,2,0,0,0,,68.0,4,9,0,0
212,12436889,Premier League,24/25,2025-01-18 15:00:00,West Ham United,Crystal Palace,0,2,2,54.0,46.0,7,12,0,7,2,4,0.0,2.0,0.28,1.32,18,2,1,0,1,89.0,89.0,3,9,1,1
11,12436443,Premier League,24/25,2025-01-18 17:30:00,Arsenal,Aston Villa,2,2,4,66.0,34.0,18,8,6,4,10,1,2.0,2.0,1.33,1.04,21,4,0,0,0,,68.0,7,5,0,0
16,12436448,Premier League,24/25,2025-01-19 14:00:00,Everton,Tottenham Hotspur,3,2,5,35.0,65.0,12,11,6,6,3,8,5.0,2.0,1.95,1.12,17,5,2,0,2,77.0,90.0,3,5,1,1
206,12436883,Premier League,24/25,2025-01-19 14:00:00,Manchester United,Brighton & Hove Albion,1,3,4,52.0,48.0,10,6,1,3,4,2,1.0,4.0,1.48,1.93,24,4,1,0,1,76.0,76.0,6,9,1,1
210,12436887,Premier League,24/25,2025-01-19 14:00:00,Nottingham Forest,Southampton,3,2,5,45.0,55.0,14,10,5,4,2,8,4.0,2.0,2.05,0.89,24,5,1,0,1,90.0,90.0,4,10,1,1
7,12436439,Premier League,24/25,2025-01-19 16:30:00,Ipswich Town,Manchester City,0,6,6,33.0,67.0,8,17,4,9,4,7,1.0,6.0,0.58,3.03,21,6,0,0,0,,69.0,1,10,0,0
22,12436455,Premier League,24/25,2025-01-20 20:00:00,Chelsea,Wolverhampton,3,1,4,63.0,37.0,19,9,7,4,3,6,4.0,1.0,3.2,0.81,23,4,0,0,0,,65.0,6,8,0,0
214,12436891,Premier League,24/25,2025-01-25 15:00:00,Bournemouth,Nottingham Forest,5,0,5,51.0,49.0,16,18,10,4,3,9,3.0,1.0,1.69,0.98,23,5,2,2,0,87.0,90.0,5,8,1,1
218,12436895,Premier League,24/25,2025-01-25 15:00:00,Brighton & Hove Albion,Everton,0,1,1,69.0,31.0,16,3,1,1,9,1,0.0,1.0,0.73,0.85,24,1,0,0,0,,42.0,8,10,0,0
224,12436901,Premier League,24/25,2025-01-25 15:00:00,Liverpool FC,Ipswich Town,4,1,5,70.0,30.0,16,3,6,3,3,4,3.0,2.0,1.98,0.48,21,5,1,0,1,90.0,90.0,2,10,1,1
228,12436905,Premier League,24/25,2025-01-25 15:00:00,Southampton,Newcastle United,1,3,4,53.0,47.0,12,17,5,9,3,8,1.0,6.0,0.76,2.93,20,4,0,0,0,,51.0,1,9,0,0
232,12436909,Premier League,24/25,2025-01-25 15:00:00,Wolverhampton,Arsenal,0,1,1,52.0,48.0,9,9,4,3,1,5,1.0,3.0,0.74,1.0,16,1,0,0,0,,74.0,4,7,0,0
226,12436903,Premier League,24/25,2025-01-25 17:30:00,Manchester City,Chelsea,3,1,4,57.0,43.0,15,10,6,4,2,3,7.0,3.0,2.5,1.8,18,4,1,1,0,87.0,87.0,5,5,1,1
220,12436897,Premier League,24/25,2025-01-26 14:00:00,Crystal Palace,Brentford,1,2,3,47.0,53.0,16,12,5,6,4,7,1.0,1.0,1.08,1.26,17,3,2,1,1,80.0,85.0,4,6,1,1
230,12436907,Premier League,24/25,2025-01-26 14:00:00,Tottenham Hotspur,Leicester City,1,2,3,61.0,39.0,15,12,6,3,6,4,2.0,1.0,1.04,1.56,21,3,0,0,0,,50.0,6,8,0,0
216,12436893,Premier League,24/25,2025-01-26 16:30:00,Aston Villa,West Ham United,1,1,2,46.0,54.0,14,14,4,4,4,3,0.0,4.0,0.85,1.31,20,2,0,0,0,,70.0,5,9,0,0
222,12436899,Premier League,24/25,2025-01-26 19:00:00,Fulham,Manchester United,0,1,1,51.0,49.0,9,4,3,1,3,0,,,0.67,0.25,16,1,1,0,1,78.0,78.0,1,9,1,1
251,12436930,Premier League,24/25,2025-02-01 12:30:00,Nottingham Forest,Brighton & Hove Albion,7,0,7,37.0,63.0,14,10,9,5,4,6,6.0,1.0,3.41,0.88,25,7,2,2,0,89.0,90.0,5,9,1,1
234,12436911,Premier League,24/25,2025-02-01 15:00:00,Bournemouth,Liverpool FC,0,2,2,49.0,51.0,14,19,3,7,3,3,3.0,4.0,1.58,2.52,18,2,0,0,0,,75.0,6,6,0,0
243,12436921,Premier League,24/25,2025-02-01 15:00:00,Everton,Leicester City,4,0,4,47.0,53.0,13,9,7,1,5,6,7.0,0.0,2.46,0.33,16,4,1,1,0,90.0,90.0,0,8,1,1
246,12436924,Premier League,24/25,2025-02-01 15:00:00,Ipswich Town,Southampton,1,2,3,57.0,43.0,15,9,6,4,1,2,2.0,1.0,1.84,0.91,19,3,1,0,1,87.0,87.0,3,9,1,1
250,12436928,Premier League,24/25,2025-02-01 15:00:00,Newcastle United,Fulham,1,2,3,48.0,52.0,11,15,4,4,3,7,3.0,2.0,0.75,1.56,24,3,1,0,1,82.0,82.0,8,9,1,1
253,12436932,Premier League,24/25,2025-02-01 17:30:00,Wolverhampton,Aston Villa,2,0,2,31.0,69.0,8,10,5,3,5,8,4.0,1.0,1.63,0.45,21,2,1,1,0,90.0,90.0,6,9,1,1
239,12436916,Premier League,24/25,2025-02-02 14:00:00,Brentford,Tottenham Hotspur,0,2,2,54.0,46.0,20,13,4,2,10,3,2.0,2.0,2.06,0.86,13,2,1,0,1,87.0,87.0,1,6,1,1
247,12436925,Premier League,24/25,2025-02-02 14:00:00,Manchester United,Crystal Palace,0,2,2,67.0,33.0,17,11,2,3,11,0,1.0,4.0,1.12,2.6,18,2,1,0,1,89.0,89.0,4,8,1,1
236,12436913,Premier League,24/25,2025-02-02 16:30:00,Arsenal,Manchester City,5,1,6,46.0,54.0,12,7,7,4,5,2,2.0,1.0,1.0,0.81,18,6,2,2,0,76.0,90.0,2,6,1,1
241,12436919,Premier League,24/25,2025-02-03 20:00:00,Chelsea,West Ham United,2,1,3,68.0,32.0,22,14,3,5,4,3,2.0,1.0,1.67,1.22,21,3,0,0,0,,74.0,4,10,0,0
376,13344418,Premier League,24/25,2025-02-12 19:30:00,Everton,Liverpool FC,2,2,4,37.0,63.0,10,6,3,4,2,3,1.0,2.0,0.95,0.62,26,4,1,1,0,90.0,90.0,9,9,1,1
258,12436937,Premier League,24/25,2025-02-14 20:00:00,Brighton & Hove Albion,Chelsea,3,0,3,31.0,69.0,13,8,5,0,2,9,5.0,1.0,1.42,0.54,19,3,0,0,0,,63.0,3,9,0,0
264,12436943,Premier League,24/25,2025-02-15 12:30:00,Leicester City,Arsenal,0,2,2,40.0,60.0,6,11,2,5,3,7,1.0,3.0,0.22,1.38,17,2,2,0,2,81.0,87.0,3,8,1,1
255,12436934,Premier League,24/25,2025-02-15 15:00:00,Aston Villa,Ipswich Town,1,1,2,76.0,24.0,25,4,6,3,16,1,6.0,0.0,2.42,0.37,20,2,0,0,0,,69.0,5,9,0,0
261,12436940,Premier League,24/25,2025-02-15 15:00:00,Fulham,Nottingham Forest,2,1,3,56.0,44.0,24,8,10,2,8,4,4.0,0.0,2.18,0.42,15,3,0,0,0,,62.0,0,8,0,0
269,12436948,Premier League,24/25,2025-02-15 15:00:00,Manchester City,Newcastle United,4,0,4,62.0,38.0,11,3,7,1,7,4,4.0,0.0,1.9,0.48,19,4,1,1,0,84.0,84.0,1,10,1,1
271,12436950,Premier League,24/25,2025-02-15 15:00:00,Southampton,Bournemouth,1,3,4,45.0,55.0,11,14,4,7,4,6,1.0,3.0,0.79,1.2,21,4,1,0,1,83.0,83.0,4,9,1,1
276,12436956,Premier League,24/25,2025-02-15 15:00:00,West Ham United,Brentford,0,1,1,59.0,41.0,13,14,3,5,9,2,1.0,2.0,0.82,1.66,17,1,0,0,0,,4.0,2,9,0,0
260,12436939,Premier League,24/25,2025-02-15 17:30:00,Crystal Palace,Everton,1,2,3,58.0,42.0,17,11,6,6,6,2,4.0,2.0,1.72,0.96,15,3,1,0,1,80.0,80.0,1,7,1,1
266,12436945,Premier League,24/25,2025-02-16 14:00:00,Liverpool FC,Wolverhampton,2,1,3,50.0,50.0,10,16,3,4,4,3,2.0,1.0,1.66,1.5,22,3,0,0,0,,67.0,5,9,0,0
273,12436952,Premier League,24/25,2025-02-16 16:30:00,Tottenham Hotspur,Manchester United,1,0,1,56.0,44.0,22,16,7,6,10,5,1.0,2.0,2.23,1.52,14,1,0,0,0,,13.0,3,6,0,0
335,12437019,Premier League,24/25,2025-02-19 19:30:00,Aston Villa,Liverpool FC,2,2,4,52.0,48.0,9,17,4,3,6,8,2.0,3.0,0.67,2.5,18,4,0,0,0,,61.0,1,9,0,0
187,12436623,Premier League,24/25,2025-02-21 20:00:00,Leicester City,Brentford,0,4,4,48.0,52.0,8,14,3,6,5,6,1.0,3.0,0.51,1.52,22,4,1,0,1,89.0,89.0,4,10,1,1
189,12436625,Premier League,24/25,2025-02-22 12:30:00,Everton,Manchester United,2,2,4,38.0,62.0,9,9,8,3,7,8,4.0,1.0,1.91,0.41,20,4,1,0,1,80.0,80.0,5,6,1,1
188,12436624,Premier League,24/25,2025-02-22 15:00:00,Fulham,Crystal Palace,0,2,2,62.0,38.0,10,10,0,5,7,7,0.0,2.0,0.2,1.29,20,2,0,0,0,,66.0,4,9,0,0
193,12436629,Premier League,24/25,2025-02-22 15:00:00,Ipswich Town,Tottenham Hotspur,1,4,5,41.0,59.0,17,10,5,6,4,4,3.0,1.0,1.15,1.71,22,5,2,0,2,77.0,84.0,3,10,1,1
278,12436958,Premier League,24/25,2025-02-22 15:00:00,Bournemouth,Wolverhampton,0,1,1,45.0,55.0,8,13,3,5,6,7,1.0,3.0,0.62,2.0,22,1,0,0,0,,36.0,7,9,0,0
280,12436960,Premier League,24/25,2025-02-22 15:00:00,Arsenal,West Ham United,0,1,1,68.0,32.0,20,5,2,2,2,0,1.0,1.0,1.22,1.07,18,1,0,0,0,,44.0,5,7,0,0
285,12436965,Premier League,24/25,2025-02-22 15:00:00,Southampton,Brighton & Hove Albion,0,4,4,50.0,50.0,6,18,1,12,5,6,0.0,10.0,0.13,3.97,20,4,1,0,1,82.0,82.0,2,10,1,1
185,12436621,Premier League,24/25,2025-02-22 17:30:00,Aston Villa,Chelsea,2,1,3,52.0,48.0,12,15,6,7,2,3,3.0,3.0,2.33,2.3,19,3,1,1,0,89.0,89.0,4,7,1,1
283,12436963,Premier League,24/25,2025-02-23 14:00:00,Newcastle United,Nottingham Forest,4,3,7,57.0,43.0,13,17,5,5,7,6,4.0,4.0,2.91,1.79,22,7,1,0,1,90.0,90.0,5,5,1,1
191,12436627,Premier League,24/25,2025-02-23 16:30:00,Manchester City,Liverpool FC,0,2,2,66.0,34.0,16,8,5,4,7,5,0.0,1.0,0.65,0.71,16,2,0,0,0,,37.0,0,9,0,0
290,12436970,Premier League,24/25,2025-02-25 19:30:00,Brighton & Hove Albion,Bournemouth,2,1,3,43.0,57.0,11,19,4,5,1,9,5.0,2.0,2.42,1.46,19,3,0,0,0,,75.0,3,9,0,0
299,12436981,Premier League,24/25,2025-02-25 19:30:00,Wolverhampton,Fulham,1,2,3,60.0,40.0,18,11,5,5,7,4,0.0,4.0,1.31,1.69,19,3,0,0,0,,47.0,4,8,0,0
301,12436983,Premier League,24/25,2025-02-25 19:30:00,Crystal Palace,Aston Villa,4,1,5,36.0,64.0,19,6,6,2,3,8,6.0,2.0,4.31,0.38,22,5,1,1,0,90.0,90.0,4,8,1,1
304,12436986,Premier League,24/25,2025-02-25 20:15:00,Chelsea,Southampton,4,0,4,60.0,40.0,19,7,10,2,4,2,6.0,2.0,2.56,0.72,21,4,1,1,0,78.0,78.0,3,10,1,1
288,12436968,Premier League,24/25,2025-02-26 19:30:00,Brentford,Everton,1,1,2,52.0,48.0,12,14,3,4,2,5,2.0,3.0,1.48,1.37,13,2,1,0,1,77.0,77.0,3,4,1,1
294,12436974,Premier League,24/25,2025-02-26 19:30:00,Nottingham Forest,Arsenal,0,0,0,35.0,65.0,6,13,2,1,3,11,1.0,2.0,0.4,0.99,14,0,0,0,0,,,2,8,0,0
295,12436975,Premier League,24/25,2025-02-26 19:30:00,Tottenham Hotspur,Manchester City,0,1,1,56.0,44.0,11,12,6,5,8,3,2.0,4.0,1.33,2.12,18,1,0,0,0,,12.0,3,10,0,0
309,12436991,Premier League,24/25,2025-02-26 19:30:00,Manchester United,Ipswich Town,3,2,5,45.0,55.0,10,12,6,3,5,6,2.0,1.0,0.72,1.43,28,5,0,0,0,,47.0,9,9,0,0
306,12436988,Premier League,24/25,2025-02-26 20:15:00,Liverpool FC,Newcastle United,2,0,2,61.0,39.0,12,3,3,0,4,2,2.0,1.0,1.7,0.23,17,2,0,0,0,,63.0,1,10,0,0
377,13365051,Premier League,24/25,2025-02-27 20:00:00,West Ham United,Leicester City,2,0,2,58.0,42.0,8,10,2,2,3,3,4.0,0.0,1.33,0.37,15,2,0,0,0,,43.0,0,9,0,0
324,12437007,Premier League,24/25,2025-03-08 12:30:00,Nottingham Forest,Manchester City,1,0,1,31.0,69.0,9,14,4,3,3,2,,,0.73,0.86,18,1,1,1,0,83.0,83.0,5,8,1,1
314,12436996,Premier League,24/25,2025-03-08 15:00:00,Brighton & Hove Albion,Fulham,2,1,3,53.0,47.0,9,6,4,1,3,7,3.0,1.0,1.54,0.9,18,3,1,1,0,90.0,90.0,2,9,1,1
317,12437000,Premier League,24/25,2025-03-08 15:00:00,Crystal Palace,Ipswich Town,1,0,1,55.0,45.0,19,15,4,8,5,4,5.0,4.0,3.26,1.48,21,1,1,1,0,82.0,82.0,7,9,1,1
320,12437003,Premier League,24/25,2025-03-08 15:00:00,Liverpool FC,Southampton,3,1,4,71.0,29.0,28,6,7,4,6,4,8.0,1.0,4.12,0.36,24,4,1,1,0,88.0,88.0,3,12,1,1
312,12436994,Premier League,24/25,2025-03-08 17:30:00,Brentford,Aston Villa,0,1,1,60.0,40.0,13,12,3,4,6,5,0.0,2.0,0.83,1.32,16,1,0,0,0,,49.0,4,6,0,0
329,12437012,Premier League,24/25,2025-03-08 20:00:00,Wolverhampton,Everton,1,1,2,66.0,34.0,11,12,3,4,5,5,1.0,2.0,0.77,1.41,18,2,0,0,0,,40.0,4,8,0,0
315,12436998,Premier League,24/25,2025-03-09 14:00:00,Chelsea,Leicester City,1,0,1,57.0,43.0,20,3,7,3,12,2,1.0,0.0,1.78,0.1,15,1,0,0,0,,60.0,1,8,0,0
326,12437009,Premier League,24/25,2025-03-09 14:00:00,Tottenham Hotspur,Bournemouth,2,2,4,61.0,39.0,12,17,4,8,3,6,1.0,5.0,1.53,2.2,24,4,1,1,0,84.0,84.0,6,9,1,1
322,12437005,Premier League,24/25,2025-03-09 16:30:00,Manchester United,Arsenal,1,1,2,32.0,68.0,10,17,6,6,2,9,2.0,2.0,1.52,1.62,13,2,0,0,0,,74.0,1,6,0,0
327,12437010,Premier League,24/25,2025-03-10 20:00:00,West Ham United,Newcastle United,0,1,1,51.0,49.0,9,9,2,3,3,4,1.0,3.0,0.72,1.4,14,1,0,0,0,,63.0,1,8,0,0
144,12436578,Premier League,24/25,2025-03-15 15:00:00,Southampton,Wolverhampton,1,2,3,59.0,41.0,10,5,3,3,5,1,3.0,1.0,1.37,0.36,17,3,0,0,0,,75.0,0,10,0,0
337,12437021,Premier League,24/25,2025-03-15 15:00:00,Everton,West Ham United,1,1,2,54.0,46.0,13,10,5,5,6,5,1.0,1.0,1.0,0.83,17,2,1,1,0,90.0,90.0,3,7,1,1
341,12437025,Premier League,24/25,2025-03-15 15:00:00,Ipswich Town,Nottingham Forest,2,4,6,56.0,44.0,11,11,4,6,6,3,0.0,3.0,0.42,1.52,22,6,3,2,1,82.0,90.0,2,10,1,1
345,12437029,Premier League,24/25,2025-03-15 15:00:00,Manchester City,Brighton & Hove Albion,2,2,4,60.0,40.0,11,15,3,3,4,5,4.0,6.0,1.72,2.04,23,4,0,0,0,,48.0,7,8,0,0
331,12437014,Premier League,24/25,2025-03-15 17:30:00,Bournemouth,Brentford,1,2,3,59.0,41.0,17,10,5,4,4,3,3.0,2.0,1.67,0.83,19,3,0,0,0,,71.0,3,9,0,0
333,12437017,Premier League,24/25,2025-03-16 13:30:00,Arsenal,Chelsea,1,0,1,41.0,59.0,12,8,4,2,5,4,,,0.71,0.36,18,1,0,0,0,,20.0,6,7,0,0
339,12437023,Premier League,24/25,2025-03-16 13:30:00,Fulham,Tottenham Hotspur,2,0,2,57.0,43.0,13,12,4,4,6,5,2.0,2.0,0.97,0.95,15,2,2,2,0,78.0,88.0,0,9,1,1
343,12437027,Premier League,24/25,2025-03-16 19:00:00,Leicester City,Manchester United,0,3,3,54.0,46.0,11,18,3,5,6,4,3.0,0.0,1.05,0.91,19,3,1,0,1,90.0,90.0,2,10,1,1
146,12436580,Premier League,24/25,2025-04-01 18:45:00,Arsenal,Fulham,2,1,3,51.0,49.0,17,9,4,3,5,4,2.0,2.0,2.38,0.99,19,3,1,0,1,90.0,90.0,4,8,1,1
165,12436599,Premier League,24/25,2025-04-01 18:45:00,Wolverhampton,West Ham United,1,0,1,41.0,59.0,9,10,2,1,1,2,2.0,4.0,1.18,1.34,20,1,0,0,0,,21.0,7,8,0,0
157,12436591,Premier League,24/25,2025-04-01 19:00:00,Nottingham Forest,Manchester United,1,0,1,32.0,68.0,8,23,2,6,3,10,0.0,3.0,0.48,1.63,18,1,0,0,0,,5.0,4,9,0,0
142,12436576,Premier League,24/25,2025-04-02 18:45:00,Bournemouth,Ipswich Town,1,2,3,64.0,36.0,24,10,7,2,8,3,2.0,3.0,1.87,1.17,20,3,0,0,0,,67.0,3,9,0,0
150,12436584,Premier League,24/25,2025-04-02 18:45:00,Brighton & Hove Albion,Aston Villa,0,3,3,56.0,44.0,11,8,4,5,4,0,0.0,2.0,0.9,1.25,23,3,2,0,2,78.0,90.0,5,10,1,1
154,12436588,Premier League,24/25,2025-04-02 18:45:00,Southampton,Crystal Palace,1,1,2,42.0,58.0,8,9,2,3,2,2,1.0,1.0,0.67,0.74,19,2,1,0,1,90.0,90.0,3,10,1,1
160,12436594,Premier League,24/25,2025-04-02 18:45:00,Manchester City,Leicester City,2,0,2,72.0,28.0,18,2,5,0,5,0,2.0,0.0,2.24,0.07,20,2,0,0,0,,29.0,5,9,0,0
166,12436600,Premier League,24/25,2025-04-02 18:45:00,Newcastle United,Brentford,2,1,3,48.0,52.0,21,12,4,3,4,5,2.0,2.0,1.29,1.6,16,3,0,0,0,,74.0,2,7,0,0
159,12436593,Premier League,24/25,2025-04-02 19:00:00,Liverpool FC,Everton,1,0,1,74.0,26.0,17,5,3,0,11,5,1.0,2.0,1.47,0.67,17,1,0,0,0,,57.0,4,8,0,0
153,12436587,Premier League,24/25,2025-04-03 19:00:00,Chelsea,Tottenham Hotspur,1,0,1,50.0,50.0,11,8,5,2,4,6,4.0,2.0,1.1,0.87,25,1,0,0,0,,50.0,10,8,0,0
162,12436596,Premier League,24/25,2025-04-05 11:30:00,Everton,Arsenal,1,1,2,30.0,70.0,5,14,2,5,3,8,2.0,1.0,1.09,1.79,20,2,0,0,0,,49.0,4,10,0,0
161,12436595,Premier League,24/25,2025-04-05 14:00:00,Crystal Palace,Brighton & Hove Albion,2,1,3,38.0,62.0,8,11,3,5,2,4,0.0,2.0,0.6,1.0,25,3,0,0,0,,55.0,7,11,0,0
167,12436601,Premier League,24/25,2025-04-05 14:00:00,Ipswich Town,Wolverhampton,1,2,3,44.0,56.0,6,22,2,7,4,8,1.0,4.0,0.8,2.71,20,3,1,0,1,84.0,84.0,4,9,1,1
169,12436604,Premier League,24/25,2025-04-05 14:00:00,West Ham United,Bournemouth,2,2,4,56.0,44.0,9,11,3,4,4,7,1.0,2.0,0.69,2.12,22,4,1,0,1,79.0,79.0,4,10,1,1
163,12436597,Premier League,24/25,2025-04-05 16:30:00,Aston Villa,Nottingham Forest,2,1,3,52.0,48.0,17,19,8,3,4,4,4.0,0.0,3.03,1.48,19,3,0,0,0,,57.0,4,8,0,0
155,12436589,Premier League,24/25,2025-04-06 13:00:00,Brentford,Chelsea,0,0,0,41.0,59.0,9,21,2,5,3,6,3.0,3.0,1.18,1.23,15,0,0,0,0,,,4,7,0,0
164,12436598,Premier League,24/25,2025-04-06 13:00:00,Fulham,Liverpool FC,3,2,5,38.0,62.0,12,14,6,6,4,4,3.0,3.0,0.74,1.5,22,5,0,0,0,,72.0,3,10,0,0
170,12436606,Premier League,24/25,2025-04-06 13:00:00,Tottenham Hotspur,Southampton,3,1,4,51.0,49.0,13,12,8,4,4,1,4.0,3.0,2.12,1.04,21,4,2,1,1,90.0,90.0,2,10,1,1
168,12436602,Premier League,24/25,2025-04-06 15:30:00,Manchester United,Manchester City,0,0,0,41.0,59.0,13,9,2,5,5,3,0.0,1.0,0.91,0.49,15,0,0,0,0,,,5,6,0,0
378,13560219,Premier League,24/25,2025-04-07 19:00:00,Leicester City,Newcastle United,0,3,3,58.0,42.0,7,16,2,5,12,2,0.0,4.0,0.48,3.25,18,3,0,0,0,,34.0,2,9,0,0
174,12436610,Premier League,24/25,2025-04-12 11:30:00,Manchester City,Crystal Palace,5,2,7,68.0,32.0,21,8,9,3,1,4,12.0,3.0,3.81,1.82,26,7,1,1,0,79.0,79.0,5,10,1,1
171,12436607,Premier League,24/25,2025-04-12 14:00:00,Brighton & Hove Albion,Leicester City,2,2,4,59.0,41.0,21,15,7,6,3,6,7.0,2.0,3.91,1.5,25,4,0,0,0,,74.0,7,8,0,0
177,12436613,Premier League,24/25,2025-04-12 14:00:00,Nottingham Forest,Everton,0,1,1,42.0,58.0,10,13,5,5,1,7,0.0,2.0,0.52,1.36,13,1,1,0,1,90.0,90.0,3,5,1,1
178,12436614,Premier League,24/25,2025-04-12 14:00:00,Southampton,Aston Villa,0,3,3,40.0,60.0,7,25,2,10,2,13,1.0,6.0,0.31,3.03,23,3,2,0,2,79.0,90.0,4,10,1,1
172,12436608,Premier League,24/25,2025-04-12 16:30:00,Arsenal,Brentford,1,1,2,64.0,36.0,14,3,3,2,13,5,1.0,1.0,0.96,0.24,21,2,0,0,0,,74.0,4,10,0,0
173,12436609,Premier League,24/25,2025-04-13 13:00:00,Chelsea,Ipswich Town,2,2,4,74.0,26.0,34,13,9,4,15,4,4.0,3.0,2.27,1.07,21,4,1,1,0,79.0,79.0,4,8,1,1
176,12436612,Premier League,24/25,2025-04-13 13:00:00,Liverpool FC,West Ham United,2,1,3,55.0,45.0,15,11,6,4,10,3,2.0,4.0,1.78,1.5,17,3,2,1,1,86.0,89.0,2,8,1,1
181,12436617,Premier League,24/25,2025-04-13 13:00:00,Wolverhampton,Tottenham Hotspur,4,2,6,37.0,63.0,13,11,5,4,1,4,4.0,2.0,2.39,1.96,22,6,2,1,1,85.0,86.0,3,9,1,1
175,12436611,Premier League,24/25,2025-04-13 15:30:00,Newcastle United,Manchester United,4,1,5,48.0,52.0,13,9,6,5,7,2,6.0,2.0,2.17,0.72,21,5,1,1,0,77.0,77.0,2,10,1,1
379,13560222,Premier League,24/25,2025-04-14 19:00:00,Bournemouth,Fulham,1,0,1,41.0,59.0,12,12,3,7,6,9,2.0,1.0,1.46,1.07,18,1,0,0,0,,1.0,5,8,0,0
347,12437031,Premier League,24/25,2025-04-16 18:30:00,Newcastle United,Crystal Palace,5,0,5,60.0,40.0,14,11,7,4,5,4,5.0,3.0,1.54,2.0,26,5,0,0,0,,58.0,5,10,0,0
121,12436554,Premier League,24/25,2025-04-19 14:00:00,West Ham United,Southampton,1,1,2,52.0,48.0,12,15,4,4,2,5,0.0,1.0,0.91,0.64,18,2,1,0,1,90.0,90.0,3,9,1,1
180,12436616,Premier League,24/25,2025-04-19 14:00:00,Crystal Palace,Bournemouth,0,0,0,27.0,73.0,5,15,0,4,5,4,0.0,1.0,0.37,0.72,21,0,0,0,0,,,9,8,0,0
183,12436619,Premier League,24/25,2025-04-19 14:00:00,Brentford,Brighton & Hove Albion,4,2,6,46.0,54.0,16,12,8,3,4,7,6.0,2.0,2.17,1.43,29,6,2,1,1,81.0,90.0,7,12,1,1
192,12436628,Premier League,24/25,2025-04-19 14:00:00,Everton,Manchester City,0,2,2,33.0,67.0,8,12,3,7,2,5,1.0,3.0,0.91,2.04,17,2,2,0,2,84.0,90.0,4,8,1,1
179,12436615,Premier League,24/25,2025-04-19 16:30:00,Aston Villa,Newcastle United,4,1,5,48.0,52.0,23,10,9,3,7,7,5.0,2.0,2.26,1.0,23,5,0,0,0,,75.0,4,10,0,0
182,12436618,Premier League,24/25,2025-04-20 13:00:00,Fulham,Chelsea,1,2,3,41.0,59.0,6,13,1,8,5,4,0.0,1.0,0.25,0.9,21,3,2,0,2,83.0,90.0,5,9,1,1
184,12436620,Premier League,24/25,2025-04-20 13:00:00,Ipswich Town,Arsenal,0,4,4,25.0,75.0,4,24,0,7,0,12,0.0,3.0,0.17,2.55,19,4,1,0,1,88.0,88.0,1,10,1,1
186,12436622,Premier League,24/25,2025-04-20 13:00:00,Manchester United,Wolverhampton,0,1,1,60.0,40.0,12,4,2,2,9,2,1.0,0.0,1.32,0.25,19,1,1,0,1,77.0,77.0,5,9,1,1
190,12436626,Premier League,24/25,2025-04-20 15:30:00,Leicester City,Liverpool FC,0,1,1,42.0,58.0,5,28,0,10,1,13,0.0,10.0,0.27,2.57,17,1,1,0,1,76.0,76.0,3,9,1,1
104,12436537,Premier League,24/25,2025-04-21 19:00:00,Tottenham Hotspur,Nottingham Forest,1,2,3,70.0,30.0,22,4,6,3,7,1,4.0,1.0,2.14,0.48,23,3,1,1,0,87.0,87.0,5,10,1,1
118,12436551,Premier League,24/25,2025-04-22 19:00:00,Manchester City,Aston Villa,2,1,3,62.0,38.0,14,7,6,3,10,2,3.0,3.0,1.33,1.76,22,3,1,1,0,90.0,90.0,7,7,1,1
114,12436547,Premier League,24/25,2025-04-23 19:00:00,Arsenal,Crystal Palace,2,2,4,68.0,32.0,12,15,6,4,3,6,4.0,5.0,1.18,1.81,18,4,1,0,1,83.0,83.0,2,7,1,1
117,12436550,Premier League,24/25,2025-04-26 11:30:00,Chelsea,Everton,1,0,1,55.0,45.0,10,6,7,3,10,2,1.0,2.0,0.88,0.44,13,1,0,0,0,,27.0,0,8,0,0
106,12436539,Premier League,24/25,2025-04-26 14:00:00,Southampton,Fulham,1,2,3,35.0,65.0,7,26,3,5,0,13,1.0,1.0,0.63,2.42,17,3,1,0,1,90.0,90.0,2,8,1,1
112,12436545,Premier League,24/25,2025-04-26 14:00:00,Newcastle United,Ipswich Town,3,0,3,78.0,22.0,25,4,5,0,11,2,6.0,0.0,2.85,0.1,22,3,1,1,0,80.0,80.0,5,9,1,1
113,12436546,Premier League,24/25,2025-04-26 14:00:00,Brighton & Hove Albion,West Ham United,3,2,5,53.0,47.0,16,12,9,4,8,1,2.0,2.0,1.31,1.27,18,5,3,2,1,83.0,90.0,3,6,1,1
124,12436558,Premier League,24/25,2025-04-26 14:00:00,Wolverhampton,Leicester City,3,0,3,56.0,44.0,20,8,6,2,4,2,2.0,1.0,2.02,1.15,24,3,1,1,0,85.0,85.0,5,11,1,1
102,12436535,Premier League,24/25,2025-04-27 13:00:00,Bournemouth,Manchester United,1,1,2,38.0,62.0,8,25,1,6,5,10,1.0,2.0,0.53,2.52,23,2,1,0,1,90.0,90.0,7,9,1,1
111,12436544,Premier League,24/25,2025-04-27 15:30:00,Liverpool FC,Tottenham Hotspur,5,1,6,62.0,38.0,25,8,8,3,8,2,2.0,1.0,2.28,0.46,23,6,0,0,0,,69.0,3,9,0,0
119,12436552,Premier League,24/25,2025-05-01 18:30:00,Nottingham Forest,Brentford,0,2,2,55.0,45.0,14,11,5,3,4,5,0.0,3.0,0.9,1.29,23,2,0,0,0,,70.0,8,9,0,0
128,12436562,Premier League,24/25,2025-05-02 19:00:00,Manchester City,Wolverhampton,1,0,1,64.0,36.0,9,6,2,1,4,5,1.0,2.0,0.71,0.4,15,1,0,0,0,,35.0,0,10,0,0
120,12436553,Premier League,24/25,2025-05-03 11:30:00,Aston Villa,Fulham,1,0,1,52.0,48.0,10,11,3,3,5,3,5.0,1.0,0.96,0.85,22,1,0,0,0,,12.0,6,11,0,0
137,12436571,Premier League,24/25,2025-05-03 14:00:00,Leicester City,Southampton,2,0,2,50.0,50.0,14,8,4,2,6,7,1.0,1.0,1.4,0.53,20,2,0,0,0,,44.0,4,10,0,0
138,12436572,Premier League,24/25,2025-05-03 14:00:00,Everton,Ipswich Town,2,2,4,58.0,42.0,8,12,3,5,2,3,2.0,1.0,0.55,0.85,26,4,1,0,1,79.0,79.0,8,10,1,1
110,12436543,Premier League,24/25,2025-05-03 16:30:00,Arsenal,Bournemouth,1,2,3,50.0,50.0,13,9,4,2,2,3,4.0,3.0,1.42,0.97,17,3,0,0,0,,75.0,2,8,0,0
126,12436560,Premier League,24/25,2025-05-04 13:00:00,Brentford,Manchester United,4,3,7,47.0,53.0,12,14,6,5,7,3,6.0,1.0,2.8,1.56,23,7,2,0,2,82.0,90.0,2,10,1,1
131,12436565,Premier League,24/25,2025-05-04 13:00:00,West Ham United,Tottenham Hotspur,1,1,2,56.0,44.0,11,7,2,2,1,3,2.0,1.0,0.84,0.77,16,2,0,0,0,,28.0,4,6,0,0
133,12436567,Premier League,24/25,2025-05-04 13:00:00,Brighton & Hove Albion,Newcastle United,1,1,2,46.0,54.0,5,13,2,5,1,4,1.0,1.0,0.69,1.87,20,2,1,0,1,89.0,89.0,3,9,1,1
129,12436563,Premier League,24/25,2025-05-04 15:30:00,Chelsea,Liverpool FC,3,1,4,35.0,65.0,17,11,7,2,3,6,5.0,3.0,3.13,1.05,20,4,2,1,1,85.0,90.0,4,8,1,1
127,12436561,Premier League,24/25,2025-05-05 19:00:00,Crystal Palace,Nottingham Forest,1,1,2,49.0,51.0,20,12,3,4,7,4,4.0,0.0,2.32,0.73,24,2,0,0,0,,64.0,11,6,0,0
130,12436564,Premier League,24/25,2025-05-10 14:00:00,Ipswich Town,Brentford,0,1,1,50.0,50.0,11,15,4,5,5,6,1.0,1.0,0.93,1.41,18,1,0,0,0,,18.0,6,7,0,0
132,12436566,Premier League,24/25,2025-05-10 14:00:00,Fulham,Everton,1,3,4,64.0,36.0,18,11,6,7,5,5,1.0,3.0,0.79,1.12,20,4,0,0,0,,74.0,1,10,0,0
141,12436575,Premier League,24/25,2025-05-10 14:00:00,Southampton,Manchester City,0,0,0,28.0,72.0,2,26,0,5,1,15,,,0.1,1.82,15,0,0,0,0,,,2,9,0,0
147,12436581,Premier League,24/25,2025-05-10 14:00:00,Wolverhampton,Brighton & Hove Albion,0,2,2,56.0,44.0,10,7,3,2,7,4,1.0,2.0,0.91,1.57,18,2,1,0,1,85.0,85.0,2,10,1,1
136,12436570,Premier League,24/25,2025-05-10 16:30:00,Bournemouth,Aston Villa,0,1,1,66.0,34.0,10,6,4,3,10,0,2.0,2.0,0.8,0.98,22,1,0,0,0,,45.0,9,8,0,0
139,12436573,Premier League,24/25,2025-05-11 11:00:00,Newcastle United,Chelsea,2,0,2,45.0,55.0,15,10,6,3,2,8,2.0,1.0,1.56,0.69,22,2,1,1,0,90.0,90.0,8,7,1,1
135,12436569,Premier League,24/25,2025-05-11 13:15:00,Manchester United,West Ham United,0,2,2,52.0,48.0,20,9,5,4,8,5,4.0,4.0,2.23,1.76,17,2,0,0,0,,57.0,1,10,0,0
140,12436574,Premier League,24/25,2025-05-11 13:15:00,Nottingham Forest,Leicester City,2,2,4,56.0,44.0,15,10,4,6,4,4,4.0,4.0,1.3,1.05,22,4,1,0,1,81.0,81.0,6,8,1,1
149,12436583,Premier League,24/25,2025-05-11 13:15:00,Tottenham Hotspur,Crystal Palace,0,2,2,47.0,53.0,8,23,1,10,4,8,1.0,9.0,0.73,3.36,17,2,0,0,0,,48.0,2,8,0,0
134,12436568,Premier League,24/25,2025-05-11 15:30:00,Liverpool FC,Arsenal,2,2,4,44.0,56.0,14,15,5,7,3,1,4.0,4.0,2.39,2.58,20,4,0,0,0,,70.0,4,8,0,0
143,12436577,Premier League,24/25,2025-05-16 18:30:00,Aston Villa,Tottenham Hotspur,2,0,2,68.0,32.0,18,3,7,1,9,1,3.0,1.0,1.39,0.51,17,2,0,0,0,,73.0,3,8,0,0
148,12436582,Premier League,24/25,2025-05-16 19:15:00,Chelsea,Manchester United,1,0,1,47.0,53.0,11,4,3,1,7,2,3.0,0.0,0.82,0.29,20,1,0,0,0,,71.0,7,6,0,0
145,12436579,Premier League,24/25,2025-05-18 11:00:00,Everton,Southampton,2,0,2,50.0,50.0,13,6,5,2,4,5,4.0,2.0,2.73,1.21,18,2,0,0,0,,45.0,2,10,0,0
100,12436533,Premier League,24/25,2025-05-18 13:15:00,West Ham United,Nottingham Forest,1,2,3,61.0,39.0,16,10,5,5,8,7,0.0,4.0,1.13,1.96,26,3,1,1,0,86.0,86.0,9,10,1,1
101,12436534,Premier League,24/25,2025-05-18 14:00:00,Leicester City,Ipswich Town,2,0,2,51.0,49.0,9,20,3,2,2,2,0.0,1.0,0.8,1.41,17,2,0,0,0,,69.0,1,10,0,0
152,12436586,Premier League,24/25,2025-05-18 14:00:00,Brentford,Fulham,2,3,5,51.0,49.0,11,16,6,7,5,3,4.0,2.0,2.87,0.99,27,5,0,0,0,,70.0,8,9,0,0
151,12436585,Premier League,24/25,2025-05-18 15:30:00,Arsenal,Newcastle United,1,0,1,51.0,49.0,12,14,4,5,10,7,1.0,3.0,0.64,1.86,19,1,0,0,0,,55.0,7,8,0,0
156,12436590,Premier League,24/25,2025-05-19 19:00:00,Brighton & Hove Albion,Liverpool FC,3,2,5,49.0,51.0,25,18,12,5,3,3,2.0,3.0,2.2,2.23,20,5,1,1,0,85.0,85.0,1,9,1,1
158,12436592,Premier League,24/25,2025-05-20 19:00:00,Crystal Palace,Wolverhampton,4,2,6,31.0,69.0,14,12,10,3,0,9,2.0,2.0,1.66,1.41,23,6,1,1,0,86.0,86.0,3,10,1,1
380,13854588,Premier League,24/25,2025-05-20 19:00:00,Manchester City,Bournemouth,3,1,4,57.0,43.0,12,8,5,2,3,1,3.0,2.0,1.54,1.12,23,4,2,1,1,89.0,90.0,6,9,1,1
103,12436536,Premier League,24/25,2025-05-25 15:00:00,Bournemouth,Leicester City,2,0,2,63.0,37.0,20,3,7,0,6,1,3.0,0.0,1.62,0.27,18,2,1,1,0,88.0,88.0,2,10,1,1
105,12436538,Premier League,24/25,2025-05-25 15:00:00,Ipswich Town,West Ham United,1,3,4,41.0,59.0,14,10,4,6,4,0,1.0,1.0,0.74,1.08,20,4,1,0,1,87.0,87.0,2,10,1,1
107,12436540,Premier League,24/25,2025-05-25 15:00:00,Manchester United,Aston Villa,2,0,2,67.0,33.0,26,6,10,1,4,3,3.0,0.0,2.97,0.39,21,2,2,2,0,76.0,87.0,5,10,1,1
108,12436541,Premier League,24/25,2025-05-25 15:00:00,Newcastle United,Everton,0,1,1,65.0,35.0,17,14,6,6,12,3,1.0,2.0,1.27,1.16,18,1,0,0,0,,65.0,6,7,0,0
109,12436542,Premier League,24/25,2025-05-25 15:00:00,Wolverhampton,Brentford,1,1,2,49.0,51.0,18,13,6,7,8,3,1.0,3.0,1.04,1.43,17,2,0,0,0,,75.0,3,8,0,0
115,12436548,Premier League,24/25,2025-05-25 15:00:00,Liverpool FC,Crystal Palace,1,1,2,69.0,31.0,14,8,3,5,11,0,4.0,2.0,2.14,1.77,18,2,1,1,0,84.0,84.0,3,9,1,1
116,12436549,Premier League,24/25,2025-05-25 15:00:00,Southampton,Arsenal,1,2,3,38.0,62.0,7,23,2,8,5,8,0.0,4.0,0.62,2.39,16,3,1,0,1,90.0,90.0,0,9,1,1
122,12436556,Premier League,24/25,2025-05-25 15:00:00,Nottingham Forest,Chelsea,0,1,1,52.0,48.0,10,6,2,2,7,4,2.0,3.0,1.2,1.09,15,1,0,0,0,,50.0,4,6,0,0
123,12436557,Premier League,24/25,2025-05-25 15:00:00,Tottenham Hotspur,Brighton & Hove Albion,1,4,5,33.0,67.0,4,23,2,8,2,11,3.0,5.0,2.03,2.24,23,5,2,0,2,88.0,90.0,4,10,1,1
125,12436559,Premier League,24/25,2025-05-25 15:00:00,Fulham,Manchester City,0,2,2,47.0,53.0,13,20,3,5,1,6,4.0,3.0,1.28,2.99,15,2,0,0,0,,72.0,0,9,0,0
